text,label
"Quarterly revenue rose 18% year over year, beating consensus estimates by a wide margin.",positive
"The company raised its full-year guidance after strong demand in its cloud segment.",positive
"Net profit more than doubled as cost-cutting measures took hold ahead of schedule.",positive
"Shares jumped 12% in early trading after the earnings beat.",positive
"The board approved a 15% increase in the quarterly dividend.",positive
"Operating margin expanded to 24.5%, the highest level in the company's history.",positive
"Management announced a $2 billion share buyback program, citing confidence in cash generation.",positive
"The bank reported record net interest income driven by loan growth and stable deposit costs.",positive
"Free cash flow improved sharply, allowing the company to pay down debt earlier than planned.",positive
"The airline returned to profitability as passenger volumes recovered above pre-pandemic levels.",positive
"Analysts upgraded the stock to buy, pointing to accelerating subscriber growth.",positive
"The retailer's same-store sales grew 7%, well above the 3% analysts had expected.",positive
"The credit rating agency upgraded the issuer's debt to investment grade.",positive
"Order backlog reached a record $14 billion, providing strong visibility into next year.",positive
"The merger is expected to generate $500 million in annual cost synergies.",positive
"The drugmaker won regulatory approval for its flagship treatment, opening a multibillion-dollar market.",positive
"Strong pricing power allowed the company to pass on input costs without losing volume.",positive
"Unemployment fell to a five-decade low as hiring remained robust across sectors.",positive
"The semiconductor maker's gross margin beat expectations on a favorable product mix.",positive
"Customer churn dropped to 1.2%, its lowest level since the platform launched.",positive
"The company delivered its tenth consecutive quarter of double-digit earnings growth.",positive
"Investors cheered the spin-off, which unlocked value in the fast-growing software unit.",positive
"Robust consumer spending lifted GDP growth to 3.4% in the third quarter.",positive
"The insurer's combined ratio improved to 91%, reflecting disciplined underwriting.",positive
"The startup closed an oversubscribed funding round at a valuation twice its previous level.",positive
"Strong demand for electric vehicles pushed deliveries to a new quarterly record.",positive
"The company's balance sheet is the strongest it has been in a decade, with net cash of $3 billion.",positive
"Earnings per share came in at $2.15, comfortably ahead of the $1.90 consensus.",positive
"Loan loss provisions were released as credit quality improved beyond expectations.",positive
"The energy producer's output rose 9% while unit costs fell for the third straight quarter.",positive
"The fund outperformed its benchmark by 400 basis points over the trailing twelve months.",positive
"Export orders surged after the trade agreement removed tariffs on key products.",positive
"The company settled the lawsuit on favorable terms, removing a major overhang on the stock.",positive
"The central bank noted that inflation is returning to target faster than anticipated.",positive
"Strong holiday sales drove the retailer's best fourth quarter on record.",positive
"The company secured a ten-year supply contract worth $1.2 billion with a major automaker.",positive
"Return on equity climbed to 19%, placing the bank among the top performers in its peer group.",positive
"Recurring revenue now accounts for 82% of sales, improving earnings predictability.",positive
"Housing starts rebounded strongly as mortgage rates eased from their peak.",positive
"The turnaround plan is delivering results, with the loss-making division now profitable.",positive
"The company missed earnings expectations and cut its full-year outlook.",negative
"Shares plunged 22% after the company disclosed an accounting investigation.",negative
"The retailer warned that weak consumer demand would weigh on margins through year end.",negative
"Net loss widened to $340 million as restructuring charges mounted.",negative
"The bank set aside $1.5 billion for expected loan losses amid rising defaults.",negative
"The company suspended its dividend to preserve cash during the downturn.",negative
"Credit rating agencies downgraded the company's debt to junk status.",negative
"Revenue fell 14% as the company lost market share to lower-cost competitors.",negative
"The manufacturer announced 4,000 layoffs after orders collapsed in its core market.",negative
"Regulators fined the lender $800 million for compliance failures.",negative
"The company breached its debt covenants and is negotiating with creditors.",negative
"Supply chain disruptions forced the automaker to halt production at three plants.",negative
"Gross margin contracted 500 basis points due to surging raw material costs.",negative
"The airline filed for bankruptcy protection after failing to secure new financing.",negative
"Customer churn accelerated to 6%, raising doubts about the subscription model.",negative
"The drugmaker's late-stage trial failed to meet its primary endpoint.",negative
"Management admitted that the acquisition has underperformed and took a $2 billion writedown.",negative
"Inflation surged to a 40-year high, squeezing household budgets.",negative
"The central bank warned of a significant risk of recession in the coming quarters.",negative
"Delinquencies on auto loans rose for the sixth consecutive month.",negative
"The company disclosed a data breach affecting 30 million customer accounts.",negative
"Order backlog shrank for the first time in five years as clients delayed spending.",negative
"The energy company's output fell after an unplanned outage at its largest facility.",negative
"Analysts downgraded the stock to sell, citing deteriorating cash flow.",negative
"The chief executive resigned abruptly amid a probe into governance lapses.",negative
"Same-store sales declined 5%, the worst performance since the financial crisis.",negative
"The insurer reported catastrophe losses far above its reinsurance cover.",negative
"Liquidity concerns intensified after the company drew down its entire credit facility.",negative
"The fund lost 18% during the quarter, badly trailing its benchmark.",negative
"Export volumes slumped after new tariffs were imposed on the company's main products.",negative
"The company faces a class-action lawsuit alleging it misled investors about product safety.",negative
"Free cash flow turned negative as capital spending overran the budget.",negative
"The auditor raised substantial doubt about the company's ability to continue as a going concern.",negative
"Deposits fled the regional bank at an alarming pace, forcing an emergency capital raise.",negative
"Housing prices fell for the ninth straight month as mortgage rates climbed.",negative
"The chipmaker cut its revenue forecast by 20% on weak demand for personal computers.",negative
"Goodwill impairment charges wiped out the company's profit for the year.",negative
"The company's bonds traded at distressed levels amid fears of an imminent default.",negative
"Pricing pressure from rivals eroded the company's once-dominant market position.",negative
"Consumer confidence dropped to its lowest reading in more than a decade.",negative
"The company will report second-quarter results on August 4 before the market opens.",neutral
"The board of directors will hold its annual meeting in Chicago next month.",neutral
"The company operates 240 stores across 18 states and employs roughly 12,000 people.",neutral
"Shares were unchanged in afternoon trading ahead of the Federal Reserve decision.",neutral
"The bank appointed a new chief financial officer effective January 1.",neutral
"Revenue for the quarter was $4.2 billion, in line with the company's prior guidance.",neutral
"The company completed the previously announced sale of its logistics unit.",neutral
"The bond carries a coupon of 4.75% and matures in 2034.",neutral
"The central bank held interest rates steady, as widely expected.",neutral
"The company's fiscal year ends on March 31.",neutral
"Trading volume was in line with the 30-day average.",neutral
"The firm relocated its headquarters to a new office building in downtown Austin.",neutral
"The exchange will be closed on Monday in observance of the public holiday.",neutral
"The company filed its annual report with the Securities and Exchange Commission on Thursday.",neutral
"The fund invests primarily in investment-grade corporate bonds with maturities under five years.",neutral
"Management will host a conference call to discuss the results at 8:30 a.m. Eastern time.",neutral
"The company's product line includes industrial pumps, valves, and control systems.",neutral
"The index is rebalanced quarterly according to a published methodology.",neutral
"The merger agreement includes a customary termination fee of $150 million.",neutral
"The company reiterated its guidance for the full year.",neutral
"Analysts expect the company to report earnings per share of $1.05.",neutral
"The stock trades on the Nasdaq under the ticker symbol FNLM.",neutral
"The company has approximately 310 million shares outstanding.",neutral
"The government will publish the monthly employment report on Friday.",neutral
"The bank's headquarters are located in Charlotte, North Carolina.",neutral
"The new chief executive previously served as head of the company's European operations.",neutral
"The company issued $500 million of senior notes to refinance existing debt.",neutral
"Oil traded near $80 a barrel, little changed from the previous session.",neutral
"The company's shares split three-for-one in June.",neutral
"The regulator published the final version of the capital rules on its website.",neutral
"The company's largest shareholders are index funds and pension plans.",neutral
"The quarterly dividend of $0.30 per share is payable on September 15.",neutral
"The company sources most of its raw materials from suppliers in Southeast Asia.",neutral
"Earnings were flat compared with the same quarter a year earlier.",neutral
"The agreement is subject to regulatory approval and customary closing conditions.",neutral
"The company changed its name to reflect its broader product portfolio.",neutral
"The central bank's next policy meeting is scheduled for the third week of the month.",neutral
"Total assets under management stood at $92 billion at the end of the quarter.",neutral
"The company reports its results in U.S. dollars.",neutral
"The exchange-traded fund tracks an index of mid-cap industrial companies.",neutral
